Name,GrayInk,BlackInk,HoF_Monitor,HoF_Standards
Cy Young*,468,99,331,82
Walter Johnson*,420,150,364,82
Warren Spahn*,374,101,260,66
Christy Mathewson*,350,92,303,84
Pete Alexander*,342,130,257,77
Greg Maddux*,336,87,254,70
Roger Clemens,320,100,332,73
Lefty Grove*,319,111,233,62
Kid Nichols*,309,35,228,69
Tom Seaver*,292,57,244,66
Eddie Plank*,291,15,187,71
Bobby Mathews,286,30,163,48
Steve Carlton*,285,69,266,58
Randy Johnson*,280,99,331,65
Early Wynn*,264,37,141,44
Red Ruffing*,258,11,130,38
Nolan Ryan*,254,84,257,56
Robin Roberts*,252,64,128,47
Gaylord Perry*,252,29,177,57
Carl Hubbell*,252,51,175,51
Pud Galvin*,250,19,203,60
Mike Mussina*,250,15,121,54
Tim Keefe*,245,58,271,70
Don Sutton*,243,8,149,58
Bert Blyleven*,237,16,121,50
Mickey Welch*,236,3,198,58
Whitey Ford*,234,41,209,56
Bob Feller*,232,98,180,51
Jim McCormick,220,40,195,51
Jim Bunning*,216,28,98,42
Pedro Martinez*,215,58,206,60
Burleigh Grimes*,213,38,115,38
Jim Palmer*,209,44,193,56
Bob Gibson*,207,20,222,54
Fergie Jenkins*,206,36,132,53
Curt Schilling,205,42,171,46
Vic Willis*,204,25,122,43
John Clarkson*,204,60,252,65
Tom Glavine*,202,29,177,52
Don Drysdale*,200,27,134,42
Old Hoss Radbourn*,199,38,221,62
John Smoltz*,199,34,162,44
Tony Mullane,198,28,169,49
Justin Verlander+,197,56,148,46
Juan Marichal*,197,37,159,57
Mordecai Brown*,195,35,169,56
Bobo Newsom,195,15,69,23
Phil Niekro*,194,43,157,52
Stan Coveleski*,193,22,109,38
Jack Morris*,193,20,123,39
Billy Pierce,190,20,82,35
Ted Lyons*,189,32,65,30
Tommy Bond,188,45,143,48
Joe McGinnity*,188,64,164,50
Waite Hoyt*,182,10,94,32
Tommy Bridges,180,17,81,29
Roy Halladay*,180,48,127,45
Paul Derringer,180,19,99,28
Hal Newhouser*,180,47,140,34
Lefty Gomez*,179,46,128,34
Bob Lemon*,179,44,118,34
Amos Rusie*,179,52,187,42
Wilbur Cooper,178,17,76,33
Urban Shocker,178,15,65,33
Gus Weyhing,178,3,126,31
Ed Walsh*,178,67,146,52
Dazzy Vance*,174,66,89,35
Charlie Root,174,12,61,28
CC Sabathia+,174,22,113,46
Claude Passeau,173,9,53,17
Eppa Rixey*,172,10,75,35
Carl Mays,172,23,114,41
Larry French,171,4,50,23
Al Spalding*,171,56,165,60
Lon Warneke,170,17,87,34
Dutch Leonard,168,8,45,24
Dutch Leonard,168,8,45,24
David Cone,168,19,103,39
Wes Ferrell,167,25,75,22
Kevin Brown,166,19,93,41
Charlie Buffinton,164,3,130,46
Allie Reynolds,164,18,110,33
Herb Pennock*,162,13,92,36
Eddie Cicotte,162,27,111,43
Will White,161,30,141,47
Red Faber*,161,22,89,37
Jim Whitney,161,28,111,31
Mickey Lolich,159,15,99,37
Clayton Kershaw+,159,65,179,53
Rube Waddell*,158,46,138,47
Max Scherzer+,158,51,138,44
Chief Bender*,158,17,119,51
Candy Cummings*,157,15,88,33
Chuck Finley,156,6,54,27
Zack Greinke+,155,14,94,41
Hippo Vaughn,155,27,90,36
George Bradley,153,9,77,33
Bucky Walters,152,48,105,27
Sandy Koufax*,151,78,227,46
Lew Burdette,151,25,85,31
Catfish Hunter*,151,26,134,42
Bob Friend,151,20,52,23
Virgil Trucks,147,6,45,28
Rube Marquard*,147,11,84,31
George Zettlein,147,9,64,23
George Mullin,145,16,105,34
Silver King,144,26,119,34
Jack Powell,144,14,85,38
Cherokee Fisher,144,16,17,16
Tim Hudson+,143,11,66,42
Jon Lester+,143,8,96,37
John Ward*,142,22,92,43
Dave Stieb,142,17,56,27
Bob Shawkey,142,12,70,30
Babe Adams,142,12,72,39
Hooks Dauss,141,0,50,30
Vida Blue,140,7,114,35
Ron Guidry,140,29,107,38
Fernando Valenzuela,140,19,67,25
Dizzy Trout,140,16,52,18
Bartolo Colon+,140,11,88,37
Dwight Gooden,139,23,89,40
Addie Joss*,139,19,89,47
Jack Quinn,138,10,63,30
Felix Hernandez+,138,28,67,34
Cole Hamels+,138,1,59,33
Bob Welch,138,9,67,37
Dizzy Dean*,137,52,112,33
Don Newcombe,136,21,78,28
Dolf Luque,135,24,44,23
Dennis Martinez,135,17,67,37
Tommy John,134,11,112,44
Steve Rogers,134,8,48,23
Mark Langston,134,12,64,23
Mel Harder,133,7,51,21
Jack Chesbro*,133,27,101,40
Clark Griffith*,132,11,91,39
General Crowder,131,17,66,20
Larry Corcoran,130,17,122,46
Johnny Antonelli,130,11,50,14
Jerry Koosman,130,0,59,33
Dennis Eckersley*,130,8,158,34
Orel Hershiser,129,20,91,34
Larry Jackson,129,9,46,26
Sam Leever,128,21,97,46
Milt Pappas,128,5,40,34
Curt Simmons,128,0,37,24
Freddie Fitzsimmons,127,8,56,33
Frank Viola,127,12,69,24
Bret Saberhagen,127,20,71,32
Bob Caruthers,127,24,170,48
Art Nehf,126,2,71,32
Mike Garcia,125,11,48,23
Jim Kaat,125,16,130,44
Dick McBride,125,10,89,37
Bullet Joe Bush,124,3,63,22
Jeff Pfeffer,123,0,64,29
Ed Reulbach,123,13,101,44
Deacon Phillippe,123,13,98,44
David Wells,123,24,87,40
Camilo Pascual,123,21,67,22
Mort Cooper,122,18,90,30
Johan Santana,122,42,82,35
Firpo Marberry,122,24,48,24
David Price+,122,32,92,37
Cliff Lee+,122,26,72,30
Roy Oswalt,121,13,59,34
Johnny Sain,121,15,55,17
Guy Hecker,121,25,104,30
Bill Lee,121,19,51,15
Nap Rucker,119,8,40,23
Vic Raschi,118,9,82,25
Sad Sam Jones,118,7,56,21
Javier Vazquez,118,0,27,22
Noodles Hahn,117,20,63,31
Eddie Lopat,117,11,64,27
Corey Kluber+,117,34,79,31
Chris Sale+,117,15,68,34
Mark Buehrle+,116,12,52,31
Johnny Vander Meer,116,17,33,12
George Uhle,116,25,52,21
Sam McDowell,115,32,90,25
Rube Walberg,115,3,31,0
Pete Donohue,115,20,30,13
Pat Malone,115,18,40,18
Murry Dickson,115,3,27,16
Jack Stivetts,115,11,95,29
Guy Bush,115,7,51,17
Eddie Rommel,115,12,49,23
Bill Dinneen,115,6,56,24
Jesse Tannehill,114,4,92,41
Larry Jansen,113,10,43,20
Earl Moore,113,11,56,25
Van Mungo,112,12,34,12
Luis Tiant,112,13,97,41
Rick Reuschel,111,7,49,31
Jerry Reuss,111,2,49,29
Earl Whitehill,111,2,32,20
Bill Donovan,110,13,90,34
Tex Hughson,109,20,43,27
Mark Baldwin,109,30,81,15
Kirby Higbe,109,10,23,10
Bill Hutchinson,109,40,94,21
Ed Morris,108,28,121,35
Dean Chance,108,20,57,23
Adonis Terry,108,5,74,21
Preacher Roe,107,9,55,21
Mike Cuellar,107,13,96,35
Johnny Allen,107,10,35,24
James Shields+,107,10,28,18
Jamie Moyer,106,3,56,39
Slim Sallee,105,9,63,30
Doug Drabek,105,8,35,21
Doc White,105,12,80,37
Curt Davis,105,5,33,20
Chris Carpenter,105,15,70,26
Red Ames,104,6,51,30
Madison Bumgarner+,104,3,58,26
Kevin Appier,104,4,32,24
Jack Taylor,104,7,62,24
Jack Taylor,104,7,62,24
Charlie Hough,103,7,57,27
Andy Pettitte,103,7,128,44
Bump Hadley,102,11,27,10
Sam Jones,101,25,29,10
Ray Kremer,101,25,63,21
Harvey Haddix,101,3,30,20
Frank Lary,101,21,39,13
Adam Wainwright+,101,20,74,32
Mel Parnell,100,13,45,18
Jimmy Key,99,15,69,33
Jesse Barnes,99,5,42,17
Jered Weaver+,99,19,47,30
Dennis Leonard,99,11,39,21
Charlie Ferguson,99,6,49,27
Lee Meadows,98,8,39,20
Harry Brecheen,98,13,67,27
Jeff Tesreau,97,13,68,31
Ice Box Chamberlain,97,1,71,19
Howard Ehmke,97,5,32,12
Schoolboy Rowe,96,6,64,22
Dave McNally,96,8,96,35
Brickyard Kennedy,96,0,55,16
Bob Buhl,96,4,37,19
Sadie McMahon,95,27,79,22
Mario Soto,95,7,27,15
Joe Niekro,95,7,47,26
George Earnshaw,95,8,57,10
Dave Foutz,95,17,104,38
Jon Matlack,94,4,35,19
Howie Camnitz,94,3,51,24
Fred Goldsmith,94,3,43,29
Dan Haren+,94,3,30,26
Claude Hendrix,94,19,62,26
Sal Maglie,93,16,49,27
Nig Cuppy,93,1,54,27
Jose Rijo,93,9,28,20
Fred Toney,93,3,52,26
Larry Cheney,92,13,52,17
Denny McLain,92,22,93,26
Andy Messersmith,92,17,66,30
Pink Hawley,91,7,54,12
Jesse Haines*,91,4,64,27
Ervin Santana+,91,3,20,21
Dick Rudolph,91,3,46,22
Claude Osteen,91,0,53,26
Bill Doak,91,8,48,22
Thornton Lee,90,6,21,0
Jim Bagby,90,14,54,20
Pretzels Getzien,89,3,66,15
Jim Perry,89,11,59,32
Jim Maloney,89,0,50,29
Jake Peavy+,89,20,56,27
George Mogridge,89,4,24,14
Frank Smith,89,11,51,27
Ed Brandt,89,0,14,0
Brad Radke,89,3,13,15
Smoky Joe Wood,88,17,68,39
Red Lucas,88,13,21,19
Hideo Nomo,88,11,24,14
Barry Zito+,88,8,48,19
Al Orth,88,20,50,27
Mike Scott,87,19,57,19
Mel Stottlemyre,87,7,71,27
Kenny Rogers,87,2,65,29
Jack Coombs,87,11,95,30
Hooks Wiltse,87,0,46,33
Wilbur Wood,86,21,63,21
Watty Clark,86,9,0,10
Theodore Breitenstein,86,14,46,12
Rick Sutcliffe,86,14,49,19
Orval Overall,86,6,62,28
Ken Raffensberger,85,12,15,13
Jack McDowell,85,13,37,18
Frank Tanana,85,9,55,35
Bob Rush,85,0,11,12
Bob Groom,85,0,15,14
Tim Lincecum+,84,21,66,17
Spud Chandler,84,18,70,32
J.R. Richard,84,18,64,24
Hoyt Wilhelm*,84,16,97,30
Gary Peters,84,14,41,21
Dick Donovan,84,16,41,17
Vern Law,83,2,42,16
Harry Staley,83,2,33,12
Dave Stewart,83,19,75,21
Carlos Zambrano,83,4,30,23
Bill Sherdel,83,12,37,16
Al Leiter,83,2,42,21
Sam Gray,82,6,14,0
Johnny Morrison,82,10,23,11
John Lackey+,82,8,48,28
Joe Dobson,82,0,22,17
Hal Schumacher,82,2,44,21
Freddy Garcia,82,7,38,23
Darryl Kile,82,1,31,12
Terry Larkin,81,0,38,21
Mike Moore,81,4,32,14
Matt Cain+,81,3,26,14
Kevin Millwood,81,9,34,20
Dutch Ruether,81,3,39,17
Whit Wyatt,80,11,41,0
Russ Ford,80,10,40,25
Derek Lowe,80,11,51,19
Brandon Webb,80,17,36,19
Tommy Thomas,79,6,13,0
Jim Scott,79,2,35,18
Harry Howell,79,2,35,20
Bob Ewing,79,0,33,21
Asa Brainard,79,0,0,0
Willis Hudlin,78,0,17,0
Rip Sewell,78,9,42,21
Johnny Cueto+,78,13,39,26
Gerry Staley,78,6,29,14
Frank Killen,78,18,58,17
Elden Auker,78,3,22,10
Bob Turley,78,21,63,14
Vean Gregg,77,6,30,21
Stump Weidman,77,7,22,0
Shane Reynolds,77,4,18,12
Ralph Terry,77,13,42,12
Pat Hentgen,77,13,37,12
Lefty Tyler,77,2,39,18
Burt Hooton,77,0,41,22
Alex Fernandez,77,0,12,13
Casey Patten,76,3,14,11
Bob Veale,76,4,32,21
Bob Knepper,76,2,20,15
Ramon Martinez,75,3,31,22
Matt Kilroy,75,22,67,16
Larry Benton,75,12,21,0
Danny MacFayden,75,0,0,0
Chris Short,75,0,31,15
Bruce Hurst,75,3,31,19
Jake Weimer,74,2,32,26
Jack Lynch,73,2,35,12
Babe Ruth*,73,10,43,34
George Pipgras,72,9,31,10
Frank Dwyer,72,3,48,18
Ewell Blackwell,72,13,39,10
Sam Weaver,71,2,23,13
Rube Benton,71,4,29,17
Ray Caldwell,71,0,26,17
Mark Mulder,71,10,33,17
Livan Hernandez,71,15,41,16
Josh Beckett+,71,4,43,23
Frank Sullivan,71,10,16,0
Win Mercer,70,6,23,0
Toad Ramsey,70,11,77,16
Max Lanier,70,4,35,17
Cy Falkenberg,70,10,41,20
Carl Erskine,70,3,48,18
Tully Sparks,69,0,33,18
Tim Wakefield,69,0,30,26
Red Donahue,69,2,41,16
John Candelaria,69,9,39,33
George Suggs,69,2,24,13
Dupee Shaw,69,0,41,14
Cy Morgan,69,2,20,16
Bill Monbouquette,69,2,20,10
Ned Garver,68,4,11,0
Fred Hutchinson,68,8,13,14
Chick Fraser,68,0,26,15
Charles Nagy,68,0,35,11
Bill Gullickson,68,7,18,20
Bill Bernhard,68,5,30,21
Tim Belcher,67,4,22,12
Red Ehret,67,1,36,0
Jeff Fassero,67,1,21,10
Jack Sanford,67,8,37,18
Jack Manning,67,3,13,21
Hugh Daily,67,4,39,13
Howie Pollet,67,16,33,13
Cliff Melton,67,3,16,10
Sonny Siebert,66,0,20,23
Ken Holtzman,66,0,62,24
Jumbo McGinnis,66,0,34,20
Jason Schmidt,66,9,41,18
Bob Purkey,66,3,36,14
Billy Rhines,66,10,31,10
Andy Benes,66,4,18,19
Togie Pittinger,65,0,27,11
Rick Porcello+,65,5,26,16
Mike Caldwell,65,2,28,11
Johnny Podres,65,8,46,19
Joe Coleman,65,0,29,15
Jack Scott,65,3,14,0
Bill Stearns,65,2,0,10
Tom Browning,64,4,27,16
Mike Witt,64,0,20,0
Scott McGregor,63,2,37,16
Ralph Branca,63,4,27,11
Mike McCormick,63,8,30,13
Johnny Rigney,63,0,0,0
Gio Gonzalez+,63,4,26,18
Doyle Alexander,63,3,23,24
Dan Casey,63,5,27,11
Bronson Arroyo+,63,6,15,15
Bill Singer,63,0,27,15
Ben Sanders,63,3,17,11
Al Benton,63,5,17,0
Tom Candiotti,62,2,12,17
Teddy Higuera,62,0,23,17
Mark Gubicza,62,4,18,10
Lee Richmond,62,4,30,12
Kid Gleason,62,3,42,0
Jimmy Ring,62,0,12,0
Jim Tobin,62,7,11,0
Jim Devlin,62,18,45,22
Hank Borowy,62,4,42,14
Steve Gromek,61,4,18,16
Sid Fernandez,61,9,21,21
Ron Darling,61,1,26,15
Doc Crandall,61,0,25,24
Carlos Carrasco+,61,6,16,15
Bill Hallahan,61,12,34,0
A.J. Burnett+,61,9,29,20
Scott Erickson,60,11,24,0
R.A. Dickey+,60,13,25,11
Mike Flanagan,60,6,48,17
Jon Lieber,60,9,15,14
Jake Arrieta+,60,12,41,20
Gerrit Cole+,60,2,26,23
Denny Neagle,60,8,30,16
Phil Douglas,59,8,25,15
Pedro Ramos,59,2,0,10
Nick Altrock,59,0,31,18
Lefty Williams,59,0,26,23
John Tudor,59,0,37,26
Henry Boyle,59,4,25,13
Harry Coveleski,59,1,25,27
Frank Owen,59,0,25,21
Ellis Kinder,59,12,17,15
Tom Zachary,58,0,32,15
Tom Gordon,58,3,44,15
Ned Garvin,58,0,0,15
Johnny Schmitz,58,6,14,0
Eddie Smith,58,0,0,0
Bobby Shantz,58,13,52,16
Stephen Strasburg+,57,5,29,32
Reb Russell,57,5,28,28
Ken Forsch,57,3,0,14
Juan Pizarro,57,0,17,19
Jim Shaw,57,10,15,10
Jacob deGrom+,57,4,33,24
Al Downing,57,7,27,18
Al Brazle,57,6,0,16
Tom Seaton,56,11,26,17
Syl Johnson,56,2,0,0
Mike Hampton,56,7,27,13
John Smiley,56,7,22,16
Jim Turner,56,10,19,13
Henry Porter,56,0,32,0
Gary Nolan,56,7,43,26
Ed Killian,56,1,35,23
Carl Weilman,56,0,11,16
Ubaldo Jimenez+,55,4,17,0
Tricky Nichols,55,0,0,14
Nels Potter,55,0,18,0
Mike Torrez,55,0,37,18
Lefty Leifield,55,0,44,25
Larry Gura,55,0,25,17
Hank Wyse,55,0,18,0
Floyd Bannister,55,4,10,13
Don Mossi,55,2,11,16
Danny Jackson,55,6,34,0
Tommy Byrne,54,5,23,11
Sid Hudson,54,0,0,0
Ryan Dempster,54,1,26,12
Rick Rhoden,54,0,24,21
Randy Jones,54,14,31,10
Pol Perritt,54,2,25,17
Monte Pearson,54,6,36,14
Larry Dierker,54,0,21,20
Joaquin Andujar,54,8,43,14
Hardie Henderson,54,0,39,0
C.J. Wilson+,54,2,26,14
Bill Walker,54,9,17,0
Aaron Harang+,54,11,13,12
Steve Barber,53,1,21,14
Ken Hill,53,5,19,0
Jim Britt,53,3,0,10
Herb Score,53,13,25,16
Harry Gumbert,53,4,17,16
Fritz Peterson,53,10,18,17
Dave Righetti,53,5,56,0
Cy Blanton,53,9,15,0
Art Houtteman,53,1,13,0
Turk Farrell,52,0,17,11
Ron Kline,52,3,15,0
Rollie Fingers*,52,12,128,18
Pete Harnisch,52,5,0,10
John Burkett,52,6,22,19
Hal Carlson,52,1,0,0
Frank Kitson,52,3,23,16
Ed Stein,52,0,27,0
Doc McJames,52,5,19,0
Charlie Leibrandt,52,0,18,16
Tom Hughes,51,7,23,26
Tom Hughes,51,7,23,26
Tiny Bonham,51,10,31,22
Mudcat Grant,51,8,30,18
Mike Boddicker,51,11,27,13
Mariano Rivera*,51,9,214,30
Juan Guzman,51,10,25,0
Joe Nuxhall,51,0,16,13
Jesse Petty,51,2,0,0
Gene Conley,51,0,17,0
Ed Seward,51,5,37,16
Earl Wilson,51,4,16,15
Dave Davenport,51,16,18,14
Dallas Keuchel+,51,11,41,12
Carl Lundgren,51,5,27,26
Bobby Mitchell,51,2,0,0
Bob Forsch,51,2,33,20
Al Mamaux,51,0,21,14
Tex Carleton,50,1,13,10
Ray Culp,50,0,16,17
Lefty Stewart,50,0,14,0
LaMarr Hoyt,50,14,27,16
Johnny Murphy,50,12,29,19
Greg Swindell,50,2,11,13
Geoff Zahn,50,0,0,0
Gene Packard,50,0,17,15
Fritz Ostermueller,50,0,0,0
Charlie Sweeney,50,4,36,22
Allan Sothoron,50,3,13,0
Roy Face,49,14,47,11
Rick Wise,49,0,35,22
Ray Collins,49,0,23,25
Paul Foytack,49,1,0,0
Ismael Valdez,49,0,0,0
Harry McCormick,49,0,0,17
George Caster,49,4,0,0
Ed Whitson,49,0,0,11
Stu Miller,48,11,30,11
Ruben Gomez,48,0,0,0
Lee Smith*,48,12,127,13
Kyle Lohse+,48,4,14,14
Kevin Tapani,48,0,15,15
Kerry Wood,48,8,24,14
George Derby,48,5,17,11
Gary Bell,48,0,18,11
Frank Foreman,48,0,12,0
Erskine Mayer,48,0,23,20
Elmer Riddle,48,11,22,10
Bob Shaw,48,5,24,0
Billy O'Dell,48,0,16,12
Billy Hoeft,48,1,13,0
Sherry Smith,47,6,12,11
Russ Ortiz,47,4,28,10
Ray Herbert,47,1,0,0
Phil Marchildon,47,0,0,0
Nick Cullop,47,3,0,16
Jouett Meekin,47,3,43,10
Jaime Navarro,47,0,0,0
Jack Harshman,47,0,0,10
Dummy Taylor,47,2,30,15
Doc Ayers,47,0,0,14
Dick Ellsworth,47,0,12,0
Bill Swift,47,4,14,12
Bill Swift,47,4,14,12
Vinegar Bend Mizell,46,0,0,0
Luis Severino+,46,0,21,22
Lindy McDaniel,46,12,38,19
Joe Horlen,46,7,21,16
Jim O'Toole,46,0,21,11
George Blaeholder,46,1,0,0
Chan Ho Park,46,3,20,15
Vern Bickford,45,6,13,0
Trevor Hoffman*,45,6,159,19
Mickey Haefner,45,0,0,0
Jose Lima,45,1,14,0
Joey Jay,45,5,26,0
Jim Clancy,45,2,14,12
George Haddock,45,1,29,0
Egyptian Healy,45,0,14,0
Dave Koslo,45,7,11,0
Dan Petry,45,0,19,12
Bob Tewksbury,45,7,11,0
Bob Smith,45,0,0,0
Bill Hoffer,45,10,39,18
Ben Sheets,45,0,19,11
Ted Lilly,44,1,12,16
Sonny Gray+,44,1,0,12
Rich Gossage*,44,9,109,19
John Montefusco,44,0,15,11
Hugh Casey,44,6,20,19
Clem Labine,44,7,29,14
Bob Harmon,44,1,17,10
Tony Cloninger,43,0,17,0
Sparky Lyle,43,7,65,18
Scott Stratton,43,13,38,0
Lee Viau,43,0,21,0
Jersey Bakley,43,0,18,0
Jack Kramer,43,3,24,0
Guy Morton,43,0,0,13
George McQuillan,43,0,19,20
Elam Vangilder,43,0,0,0
Clint Brown,43,10,0,0
Carl Pavano,43,3,17,0
Bill Hands,43,2,16,13
Zane Smith,42,3,0,0
Vic Aldridge,42,0,22,0
Mike Krukow,42,1,0,11
Lou Brissie,42,0,0,0
Jeff Samardzija+,42,6,12,0
Jack Pfiester,42,4,37,32
Irv Young,42,12,14,13
Ed Willett,42,0,17,11
Denny Driscoll,42,6,0,14
Dave Ferriss,42,3,32,20
Slim Harriss,41,1,0,0
Scott Sanderson,41,0,16,22
Red Barrett,41,9,17,0
Matt Morris,41,5,25,15
Mace Brown,41,8,10,10
Lady Baldwin,41,11,58,28
Ken Chase,41,0,0,0
Jim Barr,41,2,0,10
Jack Wilson,41,0,0,0
Esteban Loaiza,41,5,18,0
Erik Hanson,41,0,13,0
Don Wilson,41,2,14,16
Bob Porterfield,41,9,13,0
Bill Voiselle,41,9,14,0
Bill Sweeney,41,11,36,25
Al Pratt,41,4,0,0
Al Javery,41,4,0,0
Tom Brewer,40,0,0,0
Ted Lewis,40,3,24,15
Russ Meyer,40,0,0,0
Randy Wolf+,40,0,0,14
Patrick Corbin+,40,1,0,0
Lloyd Brown,40,0,0,0
Kelvim Escobar,40,0,11,0
Jon Garland,40,1,17,0
John Franco,40,9,109,11
Jesse Duryea,40,0,20,0
Ian Kennedy+,40,8,15,10
Don Gullett,40,6,45,29
Billy Loes,40,0,17,10
Bernie Boland,40,0,0,15
Tom Lovett,39,3,43,13
Roger Wolff,39,0,0,0
Mike Morgan,39,0,12,11
Mike Marshall,39,13,48,11
Marius Russo,39,0,11,17
Luke Hamlin,39,1,0,0
Jim Lonborg,39,9,44,18
Ed Summers,39,0,25,26
Aaron Sele,39,0,21,15
Steve Avery,38,1,31,0
Sheriff Blake,38,1,0,0
Rudy May,38,4,22,19
Pete Vuckovich,38,10,24,12
Paul Dean,38,0,16,15
Moose Haas,38,3,0,10
Lance Lynn+,38,0,28,15
Jose DeLeon,38,6,0,11
Joe Heving,38,1,0,11
Jim Merritt,38,2,17,10
Jim Hearn,38,5,14,0
Ernie Broglio,38,6,16,0
Cy Seymour,38,10,18,0
Bob Rhoads,38,0,25,17
Bert Cunningham,38,0,20,0
Wilcy Moore,37,15,20,0
Tom Sturdivant,37,3,18,0
Ricky Nolasco+,37,0,0,0
Ray Sadecki,37,0,21,13
Ray Fisher,37,0,23,15
Pedro Astacio,37,0,0,11
Pat Dobson,37,0,28,13
Larry McWilliams,37,0,0,0
Jordan Zimmermann+,37,8,16,11
Johnny Niggeling,37,0,0,0
John Ewing,37,7,17,0
Fred Anderson,37,7,13,15
Ed Daily,37,0,21,10
Earl Hamilton,37,0,0,12
Dick Radatz,37,7,20,17
Danny Darwin,37,6,26,20
Chris Bosio,37,2,0,0
Carmen Hill,37,0,0,16
Brooks Lawrence,37,0,13,0
Bill Duggleby,37,0,13,11
Yovani Gallardo+,36,1,17,13
Virgil Barnes,36,0,11,0
Vern Kennedy,36,0,14,0
Sloppy Thurston,36,2,0,0
Rynie Wolters,36,10,0,0
Johnny Marcum,36,0,0,0
Jeff Reardon,36,3,102,13
Hugh McQuillan,36,0,16,0
Hod Eller,36,0,18,24
Ed Siever,36,4,20,16
Carl Morton,36,0,11,0
Cal McLish,36,0,12,0
Al Smith,36,0,14,0
Tony Kaufmann,35,0,0,0
Terry Mulholland,35,2,14,0
Steve Busby,35,0,18,10
Rip Collins,35,0,0,0
Phil Collins,35,3,0,0
Pete Conway,35,0,28,10
Jim Bouton,35,1,26,0
Harry Gaspar,35,3,0,15
Garland Braxton,35,7,0,0
Eric Show,35,0,0,10
Ed Crane,35,4,35,0
Dave Giusti,35,3,16,0
Dave Boswell,35,3,12,14
Chuck Estrada,35,8,13,0
Chris Archer+,35,2,13,11
Carlos Martinez+,35,3,17,16
Bill Wegman,35,0,0,0
Allen Russell,35,6,0,0
Steve Trachsel,34,0,0,11
Roy Patterson,34,0,14,19
Rosy Ryan,34,5,17,0
Mike Golden,34,0,0,0
Kirk McCaskill,34,0,0,0
Joe Oeschger,34,4,13,0
Hugh Bedient,34,3,21,14
Huck Betts,34,0,0,0
Hiroki Kuroda+,34,0,0,12
Harry Salisbury,34,0,0,0
Hank Gastright,34,3,21,0
Eddie Fisher,34,2,0,15
Dave Roberts,34,0,0,0
Clyde Wright,34,0,18,0
Cal McVey,34,3,0,0
Bob Stanley,34,0,22,10
Willie Sudhoff,33,0,13,0
Ted Wilks,33,11,14,25
Stan Williams,33,0,14,12
Rube Foster,33,0,20,28
Ron Perranoski,33,12,34,13
Rick Langford,33,7,0,0
Ray Benge,33,0,0,0
Mike Norris,33,2,15,0
Max Butcher,33,0,0,0
Kid Carsey,33,0,22,0
Jumbo Elliott,33,5,0,0
Joe Borden,33,2,0,0
Jimmy Callahan,33,0,18,14
Jack Harper,33,0,21,11
J.A. Happ+,33,1,23,13
Hisashi Iwakuma+,33,0,0,24
Hank O'Day*,33,6,19,0
George McConnell,33,7,17,18
George Hemming,33,3,17,0
Doug Fister+,33,0,12,0
Dixie Davis,33,2,0,0
Dave Goltz,33,5,12,0
Bobby Witt,33,0,0,11
Bob Muncrief,33,3,0,0
Bert Gallia,33,0,0,0
Al Milnar,33,0,0,0
Willie Mitchell,32,0,0,13
Warren Hacker,32,2,0,0
Richard Dotson,32,1,12,0
Phil Knell,32,3,20,0
Oil Can Boyd,32,0,0,0
Milt Gaston,32,0,0,0
Masahiro Tanaka+,32,0,11,27
Kyle Hendricks+,32,4,11,25
Joe Nathan+,32,0,98,29
Jim Konstanty,32,4,21,14
Jim Bibby,32,8,21,0
Jake Westbrook,32,3,14,0
Jack Billingham,32,5,32,15
Ferdie Schupp,32,5,21,18
Dontrelle Willis,32,8,22,0
Don McMahon,32,0,31,20
Dick Fowler,32,0,0,0
Cal Eldred,32,5,0,0
Bill Stoneman,32,0,0,0
Art Fromme,32,0,11,13
Troy Percival,31,0,85,14
Todd Stottlemyre,31,0,15,13
Spec Shea,31,7,17,10
Shawn Estes,31,0,15,0
Scott Kazmir+,31,5,19,10
Randy Myers,31,9,87,11
Phil Hughes+,31,2,16,0
Pete Schneider,31,0,0,12
Pete Richert,31,0,12,15
Oliver Perez+,31,0,0,0
Mickey McDermott,31,0,0,0
Mat Latos+,31,1,0,14
Joe Shaute,31,0,0,0
Joe Hatten,31,0,0,0
Joe Blanton+,31,1,10,0
Jack Russell,31,9,11,0
Edinson Volquez+,31,0,14,0
Ed Beatin,31,0,12,0
Earl Moseley,31,4,14,11
Dave Burba,31,0,14,11
Connie Johnson,31,0,0,0
Bob Klinger,31,3,0,0
Billy Wagner,31,0,107,24
Al Demaree,31,0,11,18
Yu Darvish+,30,6,29,16
Walt Masterson,30,0,0,0
Steve Blass,30,4,33,13
Sidney Ponson,30,3,0,0
Scott Perry,30,6,12,0
Roscoe Miller,30,3,0,0
Otto Hess,30,3,15,12
Mike Smith,30,6,25,14
Mark Prior,30,0,14,18
Lou Fette,30,2,12,10
Kent Tekulve,30,4,52,14
Jose Quintana+,30,0,0,10
Jonathan Papelbon+,30,0,80,23
John Wetteland,30,3,80,18
John Denny,30,11,25,13
Jakie May,30,3,0,0
Eric Milton,30,0,0,0
Ed Figueroa,30,0,22,11
Ed Cushman,30,0,0,0
Doug Rau,30,0,11,16
Dock Ellis,30,0,18,15
Clyde Shoun,30,8,0,0
Clay Carroll,30,5,47,18
Cinders O'Brien,30,0,0,0
Buttons Briggs,30,0,0,0
Bruce Sutter*,30,15,79,17
Art Ditmar,30,0,0,0
Andy Ashby,30,2,12,0
Tom Henke,29,3,62,19
The Only Nolan,29,0,0,13
Red Munger,29,0,21,10
Ray Narleski,29,4,0,13
Nate Andrews,29,0,0,0
Monty Stratton,29,2,0,0
King Cole,29,6,22,23
John McMullin,29,0,0,0
Joe Page,29,8,25,0
Jeff Suppan,29,0,11,0
Henry Gruber,29,0,0,0
Harry McIntire,29,0,0,11
Harry Harper,29,0,0,12
Hank Johnson,29,0,0,0
Glen Hobbie,29,0,0,0
George Winter,29,0,0,16
Francisco Rodriguez+,29,10,124,16
Ed Heusser,29,4,0,0
Doug Jones,29,0,71,11
Curry Foley,29,0,0,0
Bob Barr,29,3,15,0
Blue Moon Odom,29,0,31,0
Bill Daley,29,3,0,0
Bert Humphries,29,3,0,17
Al Worthington,29,3,0,0
Ad Gumbert,29,0,20,0
Woody Williams,28,3,17,14
Saul Rogovin,28,4,0,0
Russ Bauers,28,0,0,0
Roberto Hernandez,28,0,86,0
Rick Reed,28,2,14,12
Paul Minner,28,0,0,0
Nat Hudson,28,6,21,26
Ken Johnson,28,0,0,12
Joel Pineiro,28,4,0,0
Joe Magrane,28,4,12,0
Joe Lake,28,0,0,13
Jimmy Dygert,28,2,11,18
Jim Rooker,28,0,0,0
Jim Abbott,28,0,0,0
Hank Aguirre,28,6,11,11
Duke Esper,28,0,0,0
Dickey Kerr,28,3,22,12
Bud Daley,28,0,21,0
Britt Burns,28,0,13,10
Brett Myers,28,0,0,0
Bobby Jones,28,0,0,0
Bobby Bolin,28,0,10,13
Billy Taylor,28,3,22,19
Bill Wight,28,0,0,0
Bill James,28,3,24,27
Ben Cantwell,28,0,0,0
Al Schulz,28,0,0,0
Al Mays,28,0,0,0
Wilson Alvarez,27,0,0,0
Willie McGill,27,0,0,0
Vic Lombardi,27,0,0,0
Sheldon Jones,27,0,0,0
Rick Aguilera,27,0,84,12
Ray Kolp,27,0,0,0
Paul Byrd,27,5,14,0
Orlando Hernandez,27,0,24,15
Larry McKeon,27,0,26,11
Kevin Gross,27,0,0,11
Julio Teheran+,27,0,0,11
Joe Blong,27,0,0,0
Joe Benz,27,0,0,18
Jim Wilson,27,0,12,0
Jhoulys Chacin+,27,1,0,0
Jeff Montgomery,27,3,66,12
Gus Krock,27,0,11,12
Ed Karger,27,0,0,15
Doug McWeeny,27,0,0,0
Colby Lewis+,27,0,13,0
Clay Bryant,27,4,0,14
Carlos Silva,27,2,0,0
Bryn Smith,27,2,0,14
Bob Weiland,27,0,0,0
Bill Dietrich,27,0,0,0
Ben McDonald,27,0,0,10
Andy Coakley,27,0,17,16
Alex Kellner,27,0,0,0
Al Maul,27,4,13,0
Wade Miller,26,0,0,10
Tommy Greene,26,0,0,13
Tom Morgan,26,0,0,14
Todd Jones,26,3,77,0
Ted Blankenship,26,2,0,0
Steve McCatty,26,9,0,0
Ross Grimsley,26,0,24,15
Ray Moore,26,0,0,0
Phenomenal Smith,26,0,14,0
Paul Splittorff,26,0,24,16
Pascual Perez,26,0,0,12
Orval Grove,26,0,0,0
Mickey Harris,26,4,11,0
Lew Richie,26,0,13,18
Lary Sorensen,26,0,0,0
Jose Mesa,26,3,106,0
Jose Fernandez+,26,2,14,0
Johnny Broaca,26,0,0,0
John Danks+,26,0,0,0
Jim Colborn,26,0,13,0
Jim Brosnan,26,0,0,11
Jeff Weaver,26,2,12,0
Jean Dubuc,26,0,0,12
Jay Hughes,26,7,28,27
Hi Bithorn,26,1,0,10
Fred Frankhouse,26,0,0,0
Frank Mountain,26,3,20,0
Frank Hankinson,26,0,0,0
Frank Corridon,26,0,0,16
Frank Allen,26,0,10,11
Flint Rhem,26,4,17,0
Doc Medich,26,0,0,11
Dick Ruthven,26,0,13,0
Derek Holland+,26,1,14,0
Denny Galehouse,26,2,0,0
Charlie Lea,26,0,0,13
Bill Carrick,26,5,0,0
Bill Bevens,26,0,0,13
Arnie Portocarrero,26,0,0,0
Anibal Sanchez+,26,4,11,0
Vic Sorrell,25,0,0,0
Tom Healey,25,3,0,0
Tom Ferrick,25,0,0,0
Robbie Ray+,25,0,12,0
Rick Mahler,25,2,0,0
Rick Helling,25,6,12,0
Percy Jones,25,0,0,0
Oral Hildebrand,25,1,0,0
Matt Garza+,25,1,0,0
Len Barker,25,8,11,0
John Harkins,25,0,0,0
Joey Hamilton,25,0,0,0
Gene Thompson,25,0,0,15
Frank Miller,25,0,0,14
Frank Linzy,25,0,0,12
Francisco Liriano+,25,0,15,0
Elmer Knetzer,25,0,12,0
Ed Doheny,25,0,0,0
Don Robinson,25,2,15,0
Dick Drott,25,0,0,0
Craig Kimbrel+,25,12,97,30
Chien-Ming Wang+,25,4,14,17
Bob Wicker,25,0,12,18
